"dal",,"salamusica","Cada día era un ballet de caos y desesperación, donde las lágrimas se entrelazaban con la sangre derramada en nombre de la libertad"
"dal",,"salamusica","Entre vendajes y lamentos, emergían historias humanas que desafiaban la brutalidad del conflicto. Vi miradas desgarradoras y sonrisas que resistían a pesar de la adversidad."
"dal",,"salamusica","Cada herida que curaba, cada alma a la que ofrecía consuelo, era una pequeña victoria contra la oscuridad."
"dal",,"salamusica","En la guerra, aprendí la amarga verdad de que la violencia solo siembra más violencia. Y mientras buscaba recomponer cuerpos destrozados,"
"dal",,"salamusica","también anhelaba recomponer el tejido mismo de la humanidad."
"dal",,"salamusica","Me encuentro en una encrucijada de reinvención. Ya no soy la misma Senecio, las experiencias han esculpido una versión diferente de mí."
"dal",,"salamusica","De alguna forma ahora veo el mundo como una tela en la que cada elección es un hilo, cada desafío una oportunidad para tejer un tapiz de redención."
"dal",,"salamusica","Anhelo que la humanidad, al igual que yo, encuentre en las adversidades la motivación para cambiar, para sanar."
"dal",,"salamusica","La madurez que he adquirido me impide quedarme de brazos cruzados. Necesito ser... algo, una fuerza que impulse la curación"
"dal",,"salamusica","Cuando escuché las risas de los niños en la ciudad... o en el vestíbulo *se gira hacia Senecio* mi corazón se llenó, y me inspiró"
"dal",,"salamusica","Quiero abrir una clínica aquí, en Celaena, para los más desfavorecidos"
"senecio",,"salamusica","Te comprendo demasiado bien... amor"
"senecio",,"salamusica","Las risas de los niños resucitan memorias de la guerra. En aquel escenario desolador, también hubo momentos de luz. Vi a niños que, a pesar de la desesperanza,"
"senecio",,"salamusica"," encontraban motivos para sonreír, para jugar entre las sombras de la tragedia."
"senecio",,"salamusica","A medida que el polvo de la guerra se asentaba, nacía en mí un deseo profundo de construir algo más allá de las trincheras."
"senecio",,"salamusica","Quiero más que la mera supervivencia; quiero una vida tranquila y significativa."
"senecio",,"salamusica","Juntos, buscamos un nuevo comienzo en Celaena, donde las risas de los niños no sean un eco lejano de la normalidad, sino la melodía cotidiana que llene nuestros días."
"senecio",,"salamusica","La guerra nos arrebató mucho, pero ahora es el momento de edificar un futuro donde el amor y la paz florezcan, lejos de los horrores que dejamos atrás."